{
  "name": "node-express-boilerplate",
  "version": "1.6.0",
  "globalDependencies": {
    "body-parser": "registry:dt/body-parser#0.0.0+20160619023215",
    "cookie-parser": "registry:dt/cookie-parser#1.3.4+20160316155526",
    "debug": "registry:dt/debug#0.0.0+20160317120654",
    "dotenv": "registry:dt/dotenv#2.0.0+20160327131627",
    "express": "registry:dt/express#4.0.0+20160708185218",
    "express-serve-static-core": "registry:dt/express-serve-static-core#4.0.0+20160715232503",
    "jasmine": "registry:dt/jasmine#2.2.0+20160621224255",
    "mime": "registry:dt/mime#0.0.0+20160316155526",
    "morgan": "registry:dt/morgan#1.7.0+20160524142355",
    "node": "registry:dt/node#6.0.0+20160728152422",
    "serve-favicon": "registry:dt/serve-favicon#0.0.0+20160316155526",
    "serve-static": "registry:dt/serve-static#0.0.0+20160606155157",
    "superagent": "registry:dt/superagent#1.4.0+20160724070541",
    "supertest": "registry:dt/supertest#1.1.0+20160724070541"
  }
}
